{
    "std": [
        0.38719138503074646,
        0.7038490772247314,
        0.41795647144317627,
        0.4299895167350769,
        0.6657053232192993,
        0.4080459177494049,
        0.5326539874076843,
        0.5326539874076843,
        0.6082736253738403,
        0.7088296413421631,
        0.4359299838542938,
        0.515800952911377,
        0.7535527944564819,
        0.46492505073547363,
        0.6176298260688782,
        0.6176298260688782,
        0.6176298260688782,
        17.775644302368164,
        1.004889726638794,
        0.5633508563041687,
        0.5633508563041687,
        2.0569944381713867,
        1.011033296585083,
        0.7165824174880981,
        0.7165824174880981,
        0.7068888545036316,
        1.0097209215164185,
        0.6914284825325012,
        0.9589038491249084,
        1.0018558502197266,
        0.6945987343788147,
        0.6945987343788147,
        0.6007887125015259,
        1.0000203847885132,
        0.7260019183158875,
        1.3978490829467773,
        0.9721982479095459,
        0.18635834753513336,
        0.18635834753513336,
        0.18619802594184875
    ],
    "mean": [
        -0.033649690449237823,
        -6.7998276790604e-05,
        0.2679065763950348,
        0.003805043175816536,
        0.015967316925525665,
        0.27167531847953796,
        0.5726127624511719,
        0.5726127624511719,
        0.03611387312412262,
        -0.004537845030426979,
        0.2795780599117279,
        -0.07325827330350876,
        -0.004778705071657896,
        0.2857193946838379,
        0.5236115455627441,
        0.5236115455627441,
        0.5236115455627441,
        -0.049103617668151855,
        0.003797939047217369,
        0.45251429080963135,
        0.45251429080963135,
        0.26454809308052063,
        0.004143711179494858,
        0.4101107120513916,
        0.4101107120513916,
        0.0009450779180042446,
        -0.03569156676530838,
        0.3475280702114105,
        -0.07904189825057983,
        -0.010605093091726303,
        0.3050329387187958,
        0.3050329387187958,
        -0.007800410967320204,
        0.021604780107736588,
        0.2998228967189789,
        0.1862175464630127,
        -0.03961660712957382,
        0.1270991414785385,
        0.1270991414785385,
        0.1272483617067337
    ]
}