{
    "std": [
        0.3879949748516083,
        0.7290648221969604,
        0.4348427355289459,
        0.6657094359397888,
        0.6507635116577148,
        0.3884020745754242,
        0.49876776337623596,
        0.49876776337623596,
        0.7899221777915955,
        0.6738401055335999,
        0.4230196475982666,
        1.1400328874588013,
        0.7014990448951721,
        0.4378291368484497,
        0.5840377807617188,
        0.5840377807617188,
        0.5840377807617188,
        17.69394874572754,
        1.0073564052581787,
        0.5882615447044373,
        0.5882615447044373,
        2.5846314430236816,
        1.008709192276001,
        0.6223728060722351,
        0.6223728060722351,
        0.7648324966430664,
        0.9596723914146423,
        0.6770687699317932,
        1.1760554313659668,
        0.9764025807380676,
        0.6971911787986755,
        0.6971911787986755,
        0.6501146554946899,
        1.0140986442565918,
        0.7503170967102051,
        1.6130708456039429,
        0.904923141002655,
        0.2947130501270294,
        0.2947130501270294,
        0.29399076104164124
    ],
    "mean": [
        -0.03434724360704422,
        0.005562129430472851,
        0.2795183062553406,
        -0.14263023436069489,
        -0.007030806504189968,
        0.24967339634895325,
        0.5024029016494751,
        0.5024029016494751,
        0.06571691483259201,
        0.005142958834767342,
        0.26502859592437744,
        -0.28112098574638367,
        0.0557744987308979,
        0.29180824756622314,
        0.5376603603363037,
        0.5376603603363037,
        0.5376603603363037,
        3.1659975051879883,
        0.003137362189590931,
        0.4413474202156067,
        0.4413474202156067,
        0.008374584838747978,
        0.003133591264486313,
        0.4163685441017151,
        0.4163685441017151,
        0.11524510383605957,
        0.001994379796087742,
        0.35476404428482056,
        0.017376216128468513,
        0.06551627814769745,
        0.3523205518722534,
        0.3523205518722534,
        -0.0015550553798675537,
        -0.010781774297356606,
        0.28363126516342163,
        0.1149587631225586,
        -0.07638078927993774,
        0.132809117436409,
        0.132809117436409,
        0.1327487677335739
    ]
}