{
    "std": [
        0.4259520471096039,
        0.9852867126464844,
        0.6025376319885254,
        5.12424898147583,
        1.0011218786239624,
        0.611013650894165,
        0.8056178092956543,
        0.8056178092956543,
        5.9597063064575195,
        0.9984126091003418,
        0.5911121964454651,
        7.649188995361328,
        0.9931373000144958,
        0.6157234311103821,
        0.8260267972946167,
        0.8260267972946167,
        10.554105758666992,
        0.9655373692512512,
        0.5336155891418457,
        12.822279930114746,
        0.9697502255439758,
        0.5542889833450317,
        0.6744164824485779,
        0.6744164824485779,
        17.41864013671875,
        0.966227650642395,
        0.5244342684745789,
        15.99914836883545,
        0.9468459486961365,
        0.5023418068885803,
        0.7910226583480835,
        0.7910226583480835,
        0.7910226583480835,
        47.662940979003906,
        1.0829765796661377,
        0.5756150484085083,
        0.5756150484085083,
        15.061615943908691,
        1.0143550634384155,
        0.4364180266857147,
        0.4364180266857147,
        12.546552658081055,
        0.9476429224014282,
        0.5199005007743835,
        19.665700912475586,
        1.020707368850708,
        0.5308177471160889,
        0.5308177471160889,
        4.171769618988037,
        0.9861723184585571,
        0.5425208806991577,
        7.375579833984375,
        1.033747673034668,
        0.5645306706428528,
        0.5645306706428528,
        2.4866154193878174,
        0.9955368638038635,
        0.5323856472969055,
        2.495246648788452,
        0.9924665689468384,
        0.6026525497436523,
        0.6026525497436523,
        1.6337318420410156,
        1.0297644138336182,
        0.6238688230514526,
        2.5146372318267822,
        1.1644476652145386,
        0.6515214443206787,
        0.6515214443206787,
        0.6474827527999878
    ],
    "mean": [
        0.011231296695768833,
        0.041535116732120514,
        0.3968602120876312,
        -0.8317780494689941,
        0.011171169579029083,
        0.3796848952770233,
        0.7901523113250732,
        0.7901523113250732,
        -0.9907217025756836,
        -0.020079709589481354,
        0.37386810779571533,
        -2.5839898586273193,
        0.008927351795136929,
        0.369608610868454,
        0.7623136043548584,
        0.7623136043548584,
        -6.507083892822266,
        -0.021362323313951492,
        0.36456799507141113,
        -3.0425758361816406,
        -0.04007628560066223,
        0.36639559268951416,
        0.7724370956420898,
        0.7724370956420898,
        -6.351619720458984,
        -0.10516589879989624,
        0.33809971809387207,
        -7.941829204559326,
        -0.30707937479019165,
        0.20223963260650635,
        0.5249773859977722,
        0.5249773859977722,
        0.5249773859977722,
        15.927152633666992,
        -0.15892408788204193,
        0.3261144459247589,
        0.3261144459247589,
        -1.7476515769958496,
        -0.054625071585178375,
        0.3313765823841095,
        0.3313765823841095,
        -2.143909215927124,
        -0.13997361063957214,
        0.3121059834957123,
        4.543771266937256,
        -0.0768967717885971,
        0.4041300415992737,
        0.4041300415992737,
        -0.9566571116447449,
        -0.174301415681839,
        0.3123750686645508,
        0.1043672263622284,
        -0.10419060289859772,
        0.3604951798915863,
        0.3604951798915863,
        -0.6442952156066895,
        -0.16310390830039978,
        0.30165818333625793,
        -0.3321855366230011,
        -0.12698888778686523,
        0.31441280245780945,
        0.31441280245780945,
        -0.21192440390586853,
        -0.04490261524915695,
        0.3608859181404114,
        -1.1367247104644775,
        -0.006778228562325239,
        0.457960844039917,
        0.457960844039917,
        0.4587564468383789
    ]
}